round,roundName,pageUrl,id,home.name,home.id,away.name,away.id
1,1,https://www.fotmob.com/matches/south-africa-vs-mexico/1einvt#4667751,4667751,Mexico,6710,South Africa,6316
1,1,https://www.fotmob.com/matches/south-korea-vs-czechia/273opa#4667752,4667752,Korea Republic,7804,Czechia,8496
1,1,https://www.fotmob.com/matches/canada-vs-bosnia-herzegovina/23f1qo#4667757,4667757,Canada,5810,Bosnia-Herzegovina,10106
1,1,https://www.fotmob.com/matches/usa-vs-paraguay/1hr85j#4667771,4667771,United States,6713,Paraguay,6724
1,1,https://www.fotmob.com/matches/qatar-vs-switzerland/1beswv#4667758,4667758,Qatar,5902,Switzerland,6717
1,1,https://www.fotmob.com/matches/morocco-vs-brazil/1qr4gd#4667764,4667764,Brazil,8256,Morocco,6262
1,1,https://www.fotmob.com/matches/haiti-vs-scotland/1q0g2q#4667765,4667765,Haiti,5934,Scotland,8498
1,1,https://www.fotmob.com/matches/turkiye-vs-australia/1gr3uk#4667772,4667772,Australia,6716,Türkiye,6595
1,1,https://www.fotmob.com/matches/germany-vs-curacao/k77fsyu#4667777,4667777,Germany,8570,Curaçao,287981
1,1,https://www.fotmob.com/matches/netherlands-vs-japan/1hn72b#4667783,4667783,Netherlands,6708,Japan,6715
1,1,https://www.fotmob.com/matches/ecuador-vs-ivory-coast/1hl6kp#4667778,4667778,Côte d'Ivoire,6709,Ecuador,6707
1,1,https://www.fotmob.com/matches/tunisia-vs-sweden/1x5290#4667784,4667784,Sweden,8520,Tunisia,6719
1,1,https://www.fotmob.com/matches/cape-verde-vs-spain/1bbtuo#4667798,4667798,Spain,6720,Cape Verde,5888
1,1,https://www.fotmob.com/matches/belgium-vs-egypt/2u3bhg#4667790,4667790,Belgium,8263,Egypt,10255
1,1,https://www.fotmob.com/matches/uruguay-vs-saudi-arabia/1izuvb#4667799,4667799,Saudi Arabia,7795,Uruguay,5796
1,1,https://www.fotmob.com/matches/new-zealand-vs-iran/1ar30l#4667791,4667791,IR Iran,6711,New Zealand,5820
1,1,https://www.fotmob.com/matches/senegal-vs-france/1f8fvo#4667804,4667804,France,6723,Senegal,6395
1,1,https://www.fotmob.com/matches/iraq-vs-norway/1oz68o#4667805,4667805,Iraq,5819,Norway,8492
1,1,https://www.fotmob.com/matches/algeria-vs-argentina/1ehtqa#4667812,4667812,Argentina,6706,Algeria,6317
1,1,https://www.fotmob.com/matches/jordan-vs-austria/1my603#4667813,4667813,Austria,8255,Jordan,5816
1,1,https://www.fotmob.com/matches/dr-congo-vs-portugal/1s6g4o#4667819,4667819,Portugal,8361,Congo DR,6321
1,1,https://www.fotmob.com/matches/england-vs-croatia/2viayw#4667825,4667825,England,8491,Croatia,10155
1,1,https://www.fotmob.com/matches/panama-vs-ghana/1bjek0#4667826,4667826,Ghana,6714,Panama,5922
1,1,https://www.fotmob.com/matches/colombia-vs-uzbekistan/2dm7x9#4667820,4667820,Uzbekistan,8700,Colombia,8258
2,2,https://www.fotmob.com/matches/south-africa-vs-czechia/1tbjja#4667753,4667753,Czechia,8496,South Africa,6316
2,2,https://www.fotmob.com/matches/switzerland-vs-bosnia-herzegovina/2c9awx#4667759,4667759,Switzerland,6717,Bosnia-Herzegovina,10106
2,2,https://www.fotmob.com/matches/canada-vs-qatar/14u9ym#4667760,4667760,Canada,5810,Qatar,5902
2,2,https://www.fotmob.com/matches/mexico-vs-south-korea/1qpvav#4667754,4667754,Mexico,6710,Korea Republic,7804
2,2,https://www.fotmob.com/matches/usa-vs-australia/1hox83#4667774,4667774,United States,6713,Australia,6716
2,2,https://www.fotmob.com/matches/morocco-vs-scotland/1sv292#4667766,4667766,Scotland,8498,Morocco,6262
2,2,https://www.fotmob.com/matches/haiti-vs-brazil/1ny7ix#4667767,4667767,Brazil,8256,Haiti,5934
2,2,https://www.fotmob.com/matches/turkiye-vs-paraguay/1gte1s#4667773,4667773,Türkiye,6595,Paraguay,6724
2,2,https://www.fotmob.com/matches/netherlands-vs-sweden/1x1gy6#4667786,4667786,Netherlands,6708,Sweden,8520
2,2,https://www.fotmob.com/matches/ivory-coast-vs-germany/1xi59e#4667780,4667780,Germany,8570,Côte d'Ivoire,6709
2,2,https://www.fotmob.com/matches/ecuador-vs-curacao/jy3jhs3#4667779,4667779,Ecuador,6707,Curaçao,287981
2,2,https://www.fotmob.com/matches/japan-vs-tunisia/1hqd1q#4667785,4667785,Tunisia,6719,Japan,6715
2,2,https://www.fotmob.com/matches/spain-vs-saudi-arabia/1qq6ht#4667801,4667801,Spain,6720,Saudi Arabia,7795
2,2,https://www.fotmob.com/matches/iran-vs-belgium/1ur91k#4667793,4667793,Belgium,8263,IR Iran,6711
2,2,https://www.fotmob.com/matches/uruguay-vs-cape-verde/14n97e#4667800,4667800,Uruguay,5796,Cape Verde,5888
2,2,https://www.fotmob.com/matches/new-zealand-vs-egypt/24xk7y#4667792,4667792,New Zealand,5820,Egypt,10255
2,2,https://www.fotmob.com/matches/argentina-vs-austria/1un2w8#4667815,4667815,Argentina,6706,Austria,8255
2,2,https://www.fotmob.com/matches/iraq-vs-france/1au1fo#4667807,4667807,France,6723,Iraq,5819
2,2,https://www.fotmob.com/matches/senegal-vs-norway/1tzewo#4667806,4667806,Norway,8492,Senegal,6395
2,2,https://www.fotmob.com/matches/jordan-vs-algeria/17tvf0#4667814,4667814,Jordan,5816,Algeria,6317
2,2,https://www.fotmob.com/matches/portugal-vs-uzbekistan/2enrsr#4667822,4667822,Portugal,8361,Uzbekistan,8700
2,2,https://www.fotmob.com/matches/ghana-vs-england/1wtyve#4667828,4667828,England,8491,Ghana,6714
2,2,https://www.fotmob.com/matches/panama-vs-croatia/24y93x#4667827,4667827,Panama,5922,Croatia,10155
2,2,https://www.fotmob.com/matches/dr-congo-vs-colombia/1ra58w#4667821,4667821,Colombia,8258,Congo DR,6321
3,3,https://www.fotmob.com/matches/qatar-vs-bosnia-herzegovina/24aiya#4667762,4667762,Bosnia-Herzegovina,10106,Qatar,5902
3,3,https://www.fotmob.com/matches/canada-vs-switzerland/1aq0cl#4667761,4667761,Switzerland,6717,Canada,5810
3,3,https://www.fotmob.com/matches/haiti-vs-morocco/18aaq8#4667769,4667769,Morocco,6262,Haiti,5934
3,3,https://www.fotmob.com/matches/brazil-vs-scotland/2bkifh#4667768,4667768,Scotland,8498,Brazil,8256
3,3,https://www.fotmob.com/matches/mexico-vs-czechia/1wualx#4667755,4667755,Czechia,8496,Mexico,6710
3,3,https://www.fotmob.com/matches/south-africa-vs-south-korea/1ncyls#4667756,4667756,South Africa,6316,Korea Republic,7804
3,3,https://www.fotmob.com/matches/ivory-coast-vs-curacao/jy3w4js#4667782,4667782,Curaçao,287981,Côte d'Ivoire,6709
3,3,https://www.fotmob.com/matches/ecuador-vs-germany/1xhhol#4667781,4667781,Ecuador,6707,Germany,8570
3,3,https://www.fotmob.com/matches/japan-vs-sweden/1x3r7y#4667788,4667788,Japan,6715,Sweden,8520
3,3,https://www.fotmob.com/matches/netherlands-vs-tunisia/1hoci5#4667787,4667787,Tunisia,6719,Netherlands,6708
3,3,https://www.fotmob.com/matches/australia-vs-paraguay/1hs39g#4667776,4667776,Paraguay,6724,Australia,6716
3,3,https://www.fotmob.com/matches/turkiye-vs-usa/1gq91b#4667775,4667775,Türkiye,6595,United States,6713
3,3,https://www.fotmob.com/matches/france-vs-norway/1wx88k#4667808,4667808,Norway,8492,France,6723
3,3,https://www.fotmob.com/matches/iraq-vs-senegal/18f0co#4667809,4667809,Senegal,6395,Iraq,5819
3,3,https://www.fotmob.com/matches/cape-verde-vs-saudi-arabia/1jqqyp#4667803,4667803,Cape Verde,5888,Saudi Arabia,7795
3,3,https://www.fotmob.com/matches/uruguay-vs-spain/1an22i#4667802,4667802,Uruguay,5796,Spain,6720
3,3,https://www.fotmob.com/matches/iran-vs-egypt/2dp33g#4667795,4667795,Egypt,10255,IR Iran,6711
3,3,https://www.fotmob.com/matches/new-zealand-vs-belgium/1n1sct#4667794,4667794,New Zealand,5820,Belgium,8263
3,3,https://www.fotmob.com/matches/ghana-vs-croatia/2cpwux#4667830,4667830,Croatia,10155,Ghana,6714
3,3,https://www.fotmob.com/matches/panama-vs-england/1pukme#4667829,4667829,Panama,5922,England,8491
3,3,https://www.fotmob.com/matches/colombia-vs-portugal/2a883f#4667823,4667823,Colombia,8258,Portugal,8361
3,3,https://www.fotmob.com/matches/dr-congo-vs-uzbekistan/1v6daf#4667824,4667824,Congo DR,6321,Uzbekistan,8700
3,3,https://www.fotmob.com/matches/algeria-vs-austria/1r7yil#4667817,4667817,Algeria,6317,Austria,8255
3,3,https://www.fotmob.com/matches/jordan-vs-argentina/1aoo0p#4667816,4667816,Jordan,5816,Argentina,6706
1/16,Round of 32,https://www.fotmob.com/matches/2a-vs-2b/47ciq#4653705,4653705,2A,1878,2B,1879
1/16,Round of 32,https://www.fotmob.com/matches/1c-vs-2f/476q5#4653711,4653711,1C,1872,2F,1883
1/16,Round of 32,https://www.fotmob.com/matches/1e-vs-3abcdf/i65weow3#4653703,4653703,1E,1874,3ABCDF,1685711
1/16,Round of 32,https://www.fotmob.com/matches/1f-vs-2c/476q2#4653706,4653706,1F,1875,2C,1880
1/16,Round of 32,https://www.fotmob.com/matches/2e-vs-2i/i660fdi1#4653712,4653712,2E,1882,2I,1685707
1/16,Round of 32,https://www.fotmob.com/matches/1i-vs-3cdfgh/20iu46wbo#4653704,4653704,1I,1685703,3CDFGH,1685712
1/16,Round of 32,https://www.fotmob.com/matches/1a-vs-3cefhi/i65weovz#4653713,4653713,1A,1870,3CEFHI,1685715
1/16,Round of 32,https://www.fotmob.com/matches/1l-vs-3ehijk/20iui8q5h#4653714,4653714,1L,1685706,3EHIJK,1685716
1/16,Round of 32,https://www.fotmob.com/matches/1g-vs-3aehij/i661fjnd#4653710,4653710,1G,1876,3AEHIJ,1685714
1/16,Round of 32,https://www.fotmob.com/matches/1d-vs-3befij/i65xev1g#4653709,4653709,1D,1873,3BEFIJ,1685713
1/16,Round of 32,https://www.fotmob.com/matches/1h-vs-2j/i65weow6#4653708,4653708,1H,1877,2J,1685708
1/16,Round of 32,https://www.fotmob.com/matches/2k-vs-2l/20iuc7xxk#4653707,4653707,2K,1685709,2L,1685710
1/16,Round of 32,https://www.fotmob.com/matches/1b-vs-3efgij/i65zf7c9#4653717,4653717,1B,1871,3EFGIJ,1685717
1/16,Round of 32,https://www.fotmob.com/matches/2d-vs-2g/47zqr#4653716,4653716,2D,1881,2G,1884
1/16,Round of 32,https://www.fotmob.com/matches/2h-vs-1j/i660fdi4#4653715,4653715,1J,1685704,2H,1885
1/16,Round of 32,https://www.fotmob.com/matches/1k-vs-3deijl/20iuk8zk6#4653718,4653718,1K,1685705,3DEIJL,1685718
1/8,Round of 16,https://www.fotmob.com/matches/2a2b-vs-1f2c/20ividfld#4653843,4653843,2A/2B,1685719,1F/2C,1685721
1/8,Round of 16,https://www.fotmob.com/matches/1e3abcdf-vs-1i3cdfgh/20ivoe7ux#4653842,4653842,1E/3ABCDF,1685720,1I/3CDFGH,1685723
1/8,Round of 16,https://www.fotmob.com/matches/1c2f-vs-2e2i/20ivuf04p#4653846,4653846,1C/2F,1685722,2E/2I,1685724
1/8,Round of 16,https://www.fotmob.com/matches/1a3cefhi-vs-1l3ehijk/20iw8gu4j#4653847,4653847,1A/3CEFHI,1685725,1L/3EHIJK,1685728
1/8,Round of 16,https://www.fotmob.com/matches/2k2l-vs-1h2j/20iwkieq0#4653844,4653844,2K/2L,1685729,1H/2J,1685730
1/8,Round of 16,https://www.fotmob.com/matches/1d3befij-vs-1g3aehij/20iw8gu4i#4653845,4653845,1D/3BEFIJ,1685726,1G/3AEHIJ,1685727
1/8,Round of 16,https://www.fotmob.com/matches/1j2h-vs-2d2g/20iwwjzci#4653848,4653848,1J/2H,1685732,2D/2G,1685733
1/8,Round of 16,https://www.fotmob.com/matches/1b3efgij-vs-1k3deijl/20iwwjzcj#4653849,4653849,1B/3EFGIJ,1685731,1K/3DEIJL,1685734
1/4,Quarter-Finals,https://www.fotmob.com/matches/winner-ef-1-vs-winner-ef-2/1gzlq2j4i#4653851,4653851,Winner EF 1,1440908,Winner EF 2,1440909
1/4,Quarter-Finals,https://www.fotmob.com/matches/winner-ef-5-vs-winner-ef-6/1gzm787ex#4653853,4653853,Winner EF 5,1440912,Winner EF 6,1440915
1/4,Quarter-Finals,https://www.fotmob.com/matches/winner-ef-3-vs-winner-ef-4/1gzlwxlmq#4653852,4653852,Winner EF 3,1440910,Winner EF 4,1440911
1/4,Quarter-Finals,https://www.fotmob.com/matches/winner-ef-8-vs-winner-ef-7/1gzm787ew#4653854,4653854,Winner EF 7,1440914,Winner EF 8,1440913
1/2,Semi-Finals,https://www.fotmob.com/matches/winner-qf-1-vs-winner-qf-2/4xvci#4653855,4653855,Winner QF 1,2036,Winner QF 2,2037
1/2,Semi-Finals,https://www.fotmob.com/matches/winner-qf-3-vs-winner-qf-4/4y7xe#4653856,4653856,Winner QF 3,2038,Winner QF 4,2039
bronze,Bronze Final,https://www.fotmob.com/matches/loser-sf-1-vs-loser-sf-2/4oe88#4653857,4653857,Loser SF 1,1981,Loser SF 2,1982
final,Final,https://www.fotmob.com/matches/winner-sf-1-vs-winner-sf-2/4oqgw#4653858,4653858,Winner SF 1,1983,Winner SF 2,1984
