tournamentId,stageId,stageName,regionId,tournamentName,seasonName,seasonId,id,status,homeTeamId,homeTeamName,awayTeamId,awayTeamName,homeScore,awayScore,elapsed,winnerField,extraResultField,homeExtratimeScore,awayExtratimeScore,homePenaltyScore,awayPenaltyScore,url_match,match_date,match_time,homeTeamPhoto,awayTeamPhoto,match_datetime,round_id,matchround
36,23753,World Cup Grp. A,247,FIFA World Cup,2026,10498,1953853,6,972,Mexico,485,South Africa,2.0,0.0,FT,0.0,,,,,,https://www.whoscored.com/matches/1953853/live/international-fifa-world-cup-2026-mexico-south-africa,2026-06-11,21:00,https://api.fifa.com/api/v3/picture/flags-sq-2/MEX,https://api.fifa.com/api/v3/picture/flags-sq-2/RSA,2026-06-11 21:00:00,1,Stage 1
36,23753,World Cup Grp. A,247,FIFA World Cup,2026,10498,1976987,6,1159,Korea Republic,332,Czechia,2.0,1.0,FT,0.0,,,,,,https://www.whoscored.com/matches/1976987/live/international-fifa-world-cup-2026-south-korea-czechia,2026-06-12,04:00,https://api.fifa.com/api/v3/picture/flags-sq-2/KOR,https://api.fifa.com/api/v3/picture/flags-sq-2/CZE,2026-06-12 04:00:00,1,Stage 1
36,23753,World Cup Grp. A,247,FIFA World Cup,2026,10498,1976985,6,332,Czechia,485,South Africa,1.0,1.0,FT,,,,,,,https://www.whoscored.com/matches/1976985/live/international-fifa-world-cup-2026-czechia-south-africa,2026-06-18,18:00,https://api.fifa.com/api/v3/picture/flags-sq-2/CZE,https://api.fifa.com/api/v3/picture/flags-sq-2/RSA,2026-06-18 18:00:00,2,Stage 2
36,23753,World Cup Grp. A,247,FIFA World Cup,2026,10498,1953854,6,972,Mexico,1159,Korea Republic,1.0,0.0,FT,0.0,,,,,,https://www.whoscored.com/matches/1953854/live/international-fifa-world-cup-2026-mexico-south-korea,2026-06-19,03:00,https://api.fifa.com/api/v3/picture/flags-sq-2/MEX,https://api.fifa.com/api/v3/picture/flags-sq-2/KOR,2026-06-19 03:00:00,2,Stage 2
36,23753,World Cup Grp. A,247,FIFA World Cup,2026,10498,1953855,1,485,South Africa,1159,Korea Republic,,,,,,,,,,https://www.whoscored.com/matches/1953855/show/international-fifa-world-cup-2026-south-africa-south-korea,2026-06-25,03:00,https://api.fifa.com/api/v3/picture/flags-sq-2/RSA,https://api.fifa.com/api/v3/picture/flags-sq-2/KOR,2026-06-25 03:00:00,3,Stage 3
36,23753,World Cup Grp. A,247,FIFA World Cup,2026,10498,1976986,1,332,Czechia,972,Mexico,,,,,,,,,,https://www.whoscored.com/matches/1976986/show/international-fifa-world-cup-2026-czechia-mexico,2026-06-25,03:00,https://api.fifa.com/api/v3/picture/flags-sq-2/CZE,https://api.fifa.com/api/v3/picture/flags-sq-2/MEX,2026-06-25 03:00:00,3,Stage 3
36,23754,World Cup Grp. B,247,FIFA World Cup,2026,10498,1976989,6,1160,Canada,768,Bosnia-Herzegovina,1.0,1.0,FT,,,,,,,https://www.whoscored.com/matches/1976989/live/international-fifa-world-cup-2026-canada-bosnia-and-herzegovina,2026-06-12,21:00,https://api.fifa.com/api/v3/picture/flags-sq-2/CAN,https://api.fifa.com/api/v3/picture/flags-sq-2/BIH,2026-06-12 21:00:00,1,Stage 1
36,23754,World Cup Grp. B,247,FIFA World Cup,2026,10498,1953856,6,2379,Qatar,423,Switzerland,1.0,1.0,FT,,,,,,,https://www.whoscored.com/matches/1953856/live/international-fifa-world-cup-2026-qatar-switzerland,2026-06-13,21:00,https://api.fifa.com/api/v3/picture/flags-sq-2/QAT,https://api.fifa.com/api/v3/picture/flags-sq-2/SUI,2026-06-13 21:00:00,1,Stage 1
36,23754,World Cup Grp. B,247,FIFA World Cup,2026,10498,1976988,6,423,Switzerland,768,Bosnia-Herzegovina,4.0,1.0,FT,0.0,,,,,,https://www.whoscored.com/matches/1976988/live/international-fifa-world-cup-2026-switzerland-bosnia-and-herzegovina,2026-06-18,21:00,https://api.fifa.com/api/v3/picture/flags-sq-2/SUI,https://api.fifa.com/api/v3/picture/flags-sq-2/BIH,2026-06-18 21:00:00,2,Stage 2
36,23754,World Cup Grp. B,247,FIFA World Cup,2026,10498,1953857,6,1160,Canada,2379,Qatar,6.0,0.0,FT,0.0,,,,,,https://www.whoscored.com/matches/1953857/live/international-fifa-world-cup-2026-canada-qatar,2026-06-19,00:00,https://api.fifa.com/api/v3/picture/flags-sq-2/CAN,https://api.fifa.com/api/v3/picture/flags-sq-2/QAT,2026-06-19 00:00:00,2,Stage 2
36,23754,World Cup Grp. B,247,FIFA World Cup,2026,10498,1953858,1,423,Switzerland,1160,Canada,,,,,,,,,,https://www.whoscored.com/matches/1953858/show/international-fifa-world-cup-2026-switzerland-canada,2026-06-24,21:00,https://api.fifa.com/api/v3/picture/flags-sq-2/SUI,https://api.fifa.com/api/v3/picture/flags-sq-2/CAN,2026-06-24 21:00:00,3,Stage 3
36,23754,World Cup Grp. B,247,FIFA World Cup,2026,10498,1976990,1,768,Bosnia-Herzegovina,2379,Qatar,,,,,,,,,,https://www.whoscored.com/matches/1976990/show/international-fifa-world-cup-2026-bosnia-and-herzegovina-qatar,2026-06-24,21:00,https://api.fifa.com/api/v3/picture/flags-sq-2/BIH,https://api.fifa.com/api/v3/picture/flags-sq-2/QAT,2026-06-24 21:00:00,3,Stage 3
36,23756,World Cup Grp. D,247,FIFA World Cup,2026,10498,1953865,6,461,United States,417,Paraguay,4.0,1.0,FT,0.0,,,,,,https://www.whoscored.com/matches/1953865/live/international-fifa-world-cup-2026-usa-paraguay,2026-06-13,03:00,https://api.fifa.com/api/v3/picture/flags-sq-2/USA,https://api.fifa.com/api/v3/picture/flags-sq-2/PAR,2026-06-13 03:00:00,1,Stage 1
36,23756,World Cup Grp. D,247,FIFA World Cup,2026,10498,1976983,6,328,Australia,333,Türkiye,2.0,0.0,FT,0.0,,,,,,https://www.whoscored.com/matches/1976983/live/international-fifa-world-cup-2026-australia-turkiye,2026-06-14,06:00,https://api.fifa.com/api/v3/picture/flags-sq-2/AUS,https://api.fifa.com/api/v3/picture/flags-sq-2/TUR,2026-06-14 06:00:00,1,Stage 1
36,23756,World Cup Grp. D,247,FIFA World Cup,2026,10498,1953866,6,461,United States,328,Australia,2.0,0.0,FT,0.0,,,,,,https://www.whoscored.com/matches/1953866/live/international-fifa-world-cup-2026-usa-australia,2026-06-19,21:00,https://api.fifa.com/api/v3/picture/flags-sq-2/USA,https://api.fifa.com/api/v3/picture/flags-sq-2/AUS,2026-06-19 21:00:00,2,Stage 2
36,23756,World Cup Grp. D,247,FIFA World Cup,2026,10498,1976984,6,333,Türkiye,417,Paraguay,0.0,1.0,FT,1.0,,,,,,https://www.whoscored.com/matches/1976984/live/international-fifa-world-cup-2026-turkiye-paraguay,2026-06-20,05:00,https://api.fifa.com/api/v3/picture/flags-sq-2/TUR,https://api.fifa.com/api/v3/picture/flags-sq-2/PAR,2026-06-20 05:00:00,2,Stage 2
36,23756,World Cup Grp. D,247,FIFA World Cup,2026,10498,1953867,1,417,Paraguay,328,Australia,,,,,,,,,,https://www.whoscored.com/matches/1953867/show/international-fifa-world-cup-2026-paraguay-australia,2026-06-26,04:00,https://api.fifa.com/api/v3/picture/flags-sq-2/PAR,https://api.fifa.com/api/v3/picture/flags-sq-2/AUS,2026-06-26 04:00:00,3,Stage 3
36,23756,World Cup Grp. D,247,FIFA World Cup,2026,10498,1976982,1,333,Türkiye,461,United States,,,,,,,,,,https://www.whoscored.com/matches/1976982/show/international-fifa-world-cup-2026-turkiye-usa,2026-06-26,04:00,https://api.fifa.com/api/v3/picture/flags-sq-2/TUR,https://api.fifa.com/api/v3/picture/flags-sq-2/USA,2026-06-26 04:00:00,3,Stage 3
36,23755,World Cup Grp. C,247,FIFA World Cup,2026,10498,1953860,6,409,Brazil,495,Morocco,1.0,1.0,FT,,,,,,,https://www.whoscored.com/matches/1953860/live/international-fifa-world-cup-2026-brazil-morocco,2026-06-14,00:00,https://api.fifa.com/api/v3/picture/flags-sq-2/BRA,https://api.fifa.com/api/v3/picture/flags-sq-2/MAR,2026-06-14 00:00:00,1,Stage 1
36,23755,World Cup Grp. C,247,FIFA World Cup,2026,10498,1953859,6,2693,Haiti,424,Scotland,0.0,1.0,FT,1.0,,,,,,https://www.whoscored.com/matches/1953859/live/international-fifa-world-cup-2026-haiti-scotland,2026-06-14,03:00,https://api.fifa.com/api/v3/picture/flags-sq-2/HAI,https://api.fifa.com/api/v3/picture/flags-sq-2/SCO,2026-06-14 03:00:00,1,Stage 1
36,23755,World Cup Grp. C,247,FIFA World Cup,2026,10498,1953861,6,424,Scotland,495,Morocco,0.0,1.0,FT,1.0,,,,,,https://www.whoscored.com/matches/1953861/live/international-fifa-world-cup-2026-scotland-morocco,2026-06-20,00:00,https://api.fifa.com/api/v3/picture/flags-sq-2/SCO,https://api.fifa.com/api/v3/picture/flags-sq-2/MAR,2026-06-20 00:00:00,2,Stage 2
36,23755,World Cup Grp. C,247,FIFA World Cup,2026,10498,1953862,6,409,Brazil,2693,Haiti,3.0,0.0,FT,0.0,,,,,,https://www.whoscored.com/matches/1953862/live/international-fifa-world-cup-2026-brazil-haiti,2026-06-20,02:30,https://api.fifa.com/api/v3/picture/flags-sq-2/BRA,https://api.fifa.com/api/v3/picture/flags-sq-2/HAI,2026-06-20 02:30:00,2,Stage 2
36,23755,World Cup Grp. C,247,FIFA World Cup,2026,10498,1953863,1,424,Scotland,409,Brazil,,,,,,,,,,https://www.whoscored.com/matches/1953863/show/international-fifa-world-cup-2026-scotland-brazil,2026-06-25,00:00,https://api.fifa.com/api/v3/picture/flags-sq-2/SCO,https://api.fifa.com/api/v3/picture/flags-sq-2/BRA,2026-06-25 00:00:00,3,Stage 3
36,23755,World Cup Grp. C,247,FIFA World Cup,2026,10498,1953864,1,495,Morocco,2693,Haiti,,,,,,,,,,https://www.whoscored.com/matches/1953864/show/international-fifa-world-cup-2026-morocco-haiti,2026-06-25,00:00,https://api.fifa.com/api/v3/picture/flags-sq-2/MAR,https://api.fifa.com/api/v3/picture/flags-sq-2/HAI,2026-06-25 00:00:00,3,Stage 3
36,23757,World Cup Grp. E,247,FIFA World Cup,2026,10498,1953868,6,336,Germany,10649,Curaçao,7.0,1.0,FT,0.0,,,,,,https://www.whoscored.com/matches/1953868/live/international-fifa-world-cup-2026-germany-curacao,2026-06-14,19:00,https://api.fifa.com/api/v3/picture/flags-sq-2/GER,https://api.fifa.com/api/v3/picture/flags-sq-2/CUW,2026-06-14 19:00:00,1,Stage 1
36,23757,World Cup Grp. E,247,FIFA World Cup,2026,10498,1953869,6,973,Côte d'Ivoire,419,Ecuador,1.0,0.0,FT,0.0,,,,,,https://www.whoscored.com/matches/1953869/live/international-fifa-world-cup-2026-ivory-coast-ecuador,2026-06-15,01:00,https://api.fifa.com/api/v3/picture/flags-sq-2/CIV,https://api.fifa.com/api/v3/picture/flags-sq-2/ECU,2026-06-15 01:00:00,1,Stage 1
36,23757,World Cup Grp. E,247,FIFA World Cup,2026,10498,1953871,6,336,Germany,973,Côte d'Ivoire,2.0,1.0,FT,0.0,,,,,,https://www.whoscored.com/matches/1953871/live/international-fifa-world-cup-2026-germany-ivory-coast,2026-06-20,22:00,https://api.fifa.com/api/v3/picture/flags-sq-2/GER,https://api.fifa.com/api/v3/picture/flags-sq-2/CIV,2026-06-20 22:00:00,2,Stage 2
36,23757,World Cup Grp. E,247,FIFA World Cup,2026,10498,1953870,1,419,Ecuador,10649,Curaçao,,,,,,,,,,https://www.whoscored.com/matches/1953870/show/international-fifa-world-cup-2026-ecuador-curacao,2026-06-21,02:00,https://api.fifa.com/api/v3/picture/flags-sq-2/ECU,https://api.fifa.com/api/v3/picture/flags-sq-2/CUW,2026-06-21 02:00:00,2,Stage 2
36,23757,World Cup Grp. E,247,FIFA World Cup,2026,10498,1953872,1,419,Ecuador,336,Germany,,,,,,,,,,https://www.whoscored.com/matches/1953872/show/international-fifa-world-cup-2026-ecuador-germany,2026-06-25,22:00,https://api.fifa.com/api/v3/picture/flags-sq-2/ECU,https://api.fifa.com/api/v3/picture/flags-sq-2/GER,2026-06-25 22:00:00,3,Stage 3
36,23757,World Cup Grp. E,247,FIFA World Cup,2026,10498,1953873,1,10649,Curaçao,973,Côte d'Ivoire,,,,,,,,,,https://www.whoscored.com/matches/1953873/show/international-fifa-world-cup-2026-curacao-ivory-coast,2026-06-25,22:00,https://api.fifa.com/api/v3/picture/flags-sq-2/CUW,https://api.fifa.com/api/v3/picture/flags-sq-2/CIV,2026-06-25 22:00:00,3,Stage 3
36,23758,World Cup Grp. F,247,FIFA World Cup,2026,10498,1953874,6,335,Netherlands,986,Japan,2.0,2.0,FT,,,,,,,https://www.whoscored.com/matches/1953874/live/international-fifa-world-cup-2026-netherlands-japan,2026-06-14,22:00,https://api.fifa.com/api/v3/picture/flags-sq-2/NED,https://api.fifa.com/api/v3/picture/flags-sq-2/JPN,2026-06-14 22:00:00,1,Stage 1
36,23758,World Cup Grp. F,247,FIFA World Cup,2026,10498,1976979,6,344,Sweden,959,Tunisia,5.0,1.0,FT,0.0,,,,,,https://www.whoscored.com/matches/1976979/live/international-fifa-world-cup-2026-sweden-tunisia,2026-06-15,04:00,https://api.fifa.com/api/v3/picture/flags-sq-2/SWE,https://api.fifa.com/api/v3/picture/flags-sq-2/TUN,2026-06-15 04:00:00,1,Stage 1
36,23758,World Cup Grp. F,247,FIFA World Cup,2026,10498,1976980,6,335,Netherlands,344,Sweden,5.0,1.0,FT,0.0,,,,,,https://www.whoscored.com/matches/1976980/live/international-fifa-world-cup-2026-netherlands-sweden,2026-06-20,19:00,https://api.fifa.com/api/v3/picture/flags-sq-2/NED,https://api.fifa.com/api/v3/picture/flags-sq-2/SWE,2026-06-20 19:00:00,2,Stage 2
36,23758,World Cup Grp. F,247,FIFA World Cup,2026,10498,1953906,1,959,Tunisia,986,Japan,,,,,,,,,,https://www.whoscored.com/matches/1953906/show/international-fifa-world-cup-2026-tunisia-japan,2026-06-21,06:00,https://api.fifa.com/api/v3/picture/flags-sq-2/TUN,https://api.fifa.com/api/v3/picture/flags-sq-2/JPN,2026-06-21 06:00:00,2,Stage 2
36,23758,World Cup Grp. F,247,FIFA World Cup,2026,10498,1953875,1,959,Tunisia,335,Netherlands,,,,,,,,,,https://www.whoscored.com/matches/1953875/show/international-fifa-world-cup-2026-tunisia-netherlands,2026-06-26,01:00,https://api.fifa.com/api/v3/picture/flags-sq-2/TUN,https://api.fifa.com/api/v3/picture/flags-sq-2/NED,2026-06-26 01:00:00,3,Stage 3
36,23758,World Cup Grp. F,247,FIFA World Cup,2026,10498,1976981,1,986,Japan,344,Sweden,,,,,,,,,,https://www.whoscored.com/matches/1976981/show/international-fifa-world-cup-2026-japan-sweden,2026-06-26,01:00,https://api.fifa.com/api/v3/picture/flags-sq-2/JPN,https://api.fifa.com/api/v3/picture/flags-sq-2/SWE,2026-06-26 01:00:00,3,Stage 3
36,23760,World Cup Grp. H,247,FIFA World Cup,2026,10498,1953882,6,338,Spain,2555,Cape Verde,0.0,0.0,FT,,,,,,,https://www.whoscored.com/matches/1953882/live/international-fifa-world-cup-2026-spain-cabo-verde,2026-06-15,18:00,https://api.fifa.com/api/v3/picture/flags-sq-2/ESP,https://api.fifa.com/api/v3/picture/flags-sq-2/CPV,2026-06-15 18:00:00,1,Stage 1
36,23760,World Cup Grp. H,247,FIFA World Cup,2026,10498,1953883,6,494,Saudi Arabia,967,Uruguay,1.0,1.0,FT,,,,,,,https://www.whoscored.com/matches/1953883/live/international-fifa-world-cup-2026-saudi-arabia-uruguay,2026-06-16,00:00,https://api.fifa.com/api/v3/picture/flags-sq-2/KSA,https://api.fifa.com/api/v3/picture/flags-sq-2/URU,2026-06-16 00:00:00,1,Stage 1
36,23760,World Cup Grp. H,247,FIFA World Cup,2026,10498,1953884,1,338,Spain,494,Saudi Arabia,,,,,,,,,,https://www.whoscored.com/matches/1953884/show/international-fifa-world-cup-2026-spain-saudi-arabia,2026-06-21,18:00,https://api.fifa.com/api/v3/picture/flags-sq-2/ESP,https://api.fifa.com/api/v3/picture/flags-sq-2/KSA,2026-06-21 18:00:00,2,Stage 2
36,23760,World Cup Grp. H,247,FIFA World Cup,2026,10498,1953885,1,967,Uruguay,2555,Cape Verde,,,,,,,,,,https://www.whoscored.com/matches/1953885/show/international-fifa-world-cup-2026-uruguay-cabo-verde,2026-06-22,00:00,https://api.fifa.com/api/v3/picture/flags-sq-2/URU,https://api.fifa.com/api/v3/picture/flags-sq-2/CPV,2026-06-22 00:00:00,2,Stage 2
36,23760,World Cup Grp. H,247,FIFA World Cup,2026,10498,1953886,1,2555,Cape Verde,494,Saudi Arabia,,,,,,,,,,https://www.whoscored.com/matches/1953886/show/international-fifa-world-cup-2026-cabo-verde-saudi-arabia,2026-06-27,02:00,https://api.fifa.com/api/v3/picture/flags-sq-2/CPV,https://api.fifa.com/api/v3/picture/flags-sq-2/KSA,2026-06-27 02:00:00,3,Stage 3
36,23760,World Cup Grp. H,247,FIFA World Cup,2026,10498,1953887,1,967,Uruguay,338,Spain,,,,,,,,,,https://www.whoscored.com/matches/1953887/show/international-fifa-world-cup-2026-uruguay-spain,2026-06-27,02:00,https://api.fifa.com/api/v3/picture/flags-sq-2/URU,https://api.fifa.com/api/v3/picture/flags-sq-2/ESP,2026-06-27 02:00:00,3,Stage 3
36,23759,World Cup Grp. G,247,FIFA World Cup,2026,10498,1953876,6,339,Belgium,944,Egypt,1.0,1.0,FT,,,,,,,https://www.whoscored.com/matches/1953876/live/international-fifa-world-cup-2026-belgium-egypt,2026-06-15,21:00,https://api.fifa.com/api/v3/picture/flags-sq-2/BEL,https://api.fifa.com/api/v3/picture/flags-sq-2/EGY,2026-06-15 21:00:00,1,Stage 1
36,23759,World Cup Grp. G,247,FIFA World Cup,2026,10498,1953877,6,1293,IR Iran,1918,New Zealand,2.0,2.0,FT,,,,,,,https://www.whoscored.com/matches/1953877/live/international-fifa-world-cup-2026-iran-new-zealand,2026-06-16,03:00,https://api.fifa.com/api/v3/picture/flags-sq-2/IRN,https://api.fifa.com/api/v3/picture/flags-sq-2/NZL,2026-06-16 03:00:00,1,Stage 1
36,23759,World Cup Grp. G,247,FIFA World Cup,2026,10498,1953879,1,339,Belgium,1293,IR Iran,,,,,,,,,,https://www.whoscored.com/matches/1953879/show/international-fifa-world-cup-2026-belgium-iran,2026-06-21,21:00,https://api.fifa.com/api/v3/picture/flags-sq-2/BEL,https://api.fifa.com/api/v3/picture/flags-sq-2/IRN,2026-06-21 21:00:00,2,Stage 2
36,23759,World Cup Grp. G,247,FIFA World Cup,2026,10498,1953878,1,1918,New Zealand,944,Egypt,,,,,,,,,,https://www.whoscored.com/matches/1953878/show/international-fifa-world-cup-2026-new-zealand-egypt,2026-06-22,03:00,https://api.fifa.com/api/v3/picture/flags-sq-2/NZL,https://api.fifa.com/api/v3/picture/flags-sq-2/EGY,2026-06-22 03:00:00,2,Stage 2
36,23759,World Cup Grp. G,247,FIFA World Cup,2026,10498,1953880,1,944,Egypt,1293,IR Iran,,,,,,,,,,https://www.whoscored.com/matches/1953880/show/international-fifa-world-cup-2026-egypt-iran,2026-06-27,05:00,https://api.fifa.com/api/v3/picture/flags-sq-2/EGY,https://api.fifa.com/api/v3/picture/flags-sq-2/IRN,2026-06-27 05:00:00,3,Stage 3
36,23759,World Cup Grp. G,247,FIFA World Cup,2026,10498,1953881,1,1918,New Zealand,339,Belgium,,,,,,,,,,https://www.whoscored.com/matches/1953881/show/international-fifa-world-cup-2026-new-zealand-belgium,2026-06-27,05:00,https://api.fifa.com/api/v3/picture/flags-sq-2/NZL,https://api.fifa.com/api/v3/picture/flags-sq-2/BEL,2026-06-27 05:00:00,3,Stage 3
36,23761,World Cup Grp. I,247,FIFA World Cup,2026,10498,1953888,6,341,France,957,Senegal,3.0,1.0,FT,0.0,,,,,,https://www.whoscored.com/matches/1953888/live/international-fifa-world-cup-2026-france-senegal,2026-06-16,21:00,https://api.fifa.com/api/v3/picture/flags-sq-2/FRA,https://api.fifa.com/api/v3/picture/flags-sq-2/SEN,2026-06-16 21:00:00,1,Stage 1
36,23761,World Cup Grp. I,247,FIFA World Cup,2026,10498,1976997,6,2374,Iraq,334,Norway,1.0,4.0,FT,1.0,,,,,,https://www.whoscored.com/matches/1976997/live/international-fifa-world-cup-2026-iraq-norway,2026-06-17,00:00,https://api.fifa.com/api/v3/picture/flags-sq-2/IRQ,https://api.fifa.com/api/v3/picture/flags-sq-2/NOR,2026-06-17 00:00:00,1,Stage 1
36,23761,World Cup Grp. I,247,FIFA World Cup,2026,10498,1976995,1,341,France,2374,Iraq,,,,,,,,,,https://www.whoscored.com/matches/1976995/show/international-fifa-world-cup-2026-france-iraq,2026-06-22,23:00,https://api.fifa.com/api/v3/picture/flags-sq-2/FRA,https://api.fifa.com/api/v3/picture/flags-sq-2/IRQ,2026-06-22 23:00:00,2,Stage 2
36,23761,World Cup Grp. I,247,FIFA World Cup,2026,10498,1953889,1,334,Norway,957,Senegal,,,,,,,,,,https://www.whoscored.com/matches/1953889/show/international-fifa-world-cup-2026-norway-senegal,2026-06-23,02:00,https://api.fifa.com/api/v3/picture/flags-sq-2/NOR,https://api.fifa.com/api/v3/picture/flags-sq-2/SEN,2026-06-23 02:00:00,2,Stage 2
36,23761,World Cup Grp. I,247,FIFA World Cup,2026,10498,1976996,1,957,Senegal,2374,Iraq,,,,,,,,,,https://www.whoscored.com/matches/1976996/show/international-fifa-world-cup-2026-senegal-iraq,2026-06-26,21:00,https://api.fifa.com/api/v3/picture/flags-sq-2/SEN,https://api.fifa.com/api/v3/picture/flags-sq-2/IRQ,2026-06-26 21:00:00,3,Stage 3
36,23761,World Cup Grp. I,247,FIFA World Cup,2026,10498,1953890,1,334,Norway,341,France,,,,,,,,,,https://www.whoscored.com/matches/1953890/show/international-fifa-world-cup-2026-norway-france,2026-06-26,21:00,https://api.fifa.com/api/v3/picture/flags-sq-2/NOR,https://api.fifa.com/api/v3/picture/flags-sq-2/FRA,2026-06-26 21:00:00,3,Stage 3
36,23762,World Cup Grp. J,247,FIFA World Cup,2026,10498,1953892,6,346,Argentina,966,Algeria,3.0,0.0,FT,0.0,,,,,,https://www.whoscored.com/matches/1953892/live/international-fifa-world-cup-2026-argentina-algeria,2026-06-17,03:00,https://api.fifa.com/api/v3/picture/flags-sq-2/ARG,https://api.fifa.com/api/v3/picture/flags-sq-2/ALG,2026-06-17 03:00:00,1,Stage 1
36,23762,World Cup Grp. J,247,FIFA World Cup,2026,10498,1953891,6,324,Austria,1489,Jordan,3.0,1.0,FT,0.0,,,,,,https://www.whoscored.com/matches/1953891/live/international-fifa-world-cup-2026-austria-jordan,2026-06-17,06:00,https://api.fifa.com/api/v3/picture/flags-sq-2/AUT,https://api.fifa.com/api/v3/picture/flags-sq-2/JOR,2026-06-17 06:00:00,1,Stage 1
36,23762,World Cup Grp. J,247,FIFA World Cup,2026,10498,1953894,1,346,Argentina,324,Austria,,,,,,,,,,https://www.whoscored.com/matches/1953894/show/international-fifa-world-cup-2026-argentina-austria,2026-06-22,19:00,https://api.fifa.com/api/v3/picture/flags-sq-2/ARG,https://api.fifa.com/api/v3/picture/flags-sq-2/AUT,2026-06-22 19:00:00,2,Stage 2
36,23762,World Cup Grp. J,247,FIFA World Cup,2026,10498,1953893,1,1489,Jordan,966,Algeria,,,,,,,,,,https://www.whoscored.com/matches/1953893/show/international-fifa-world-cup-2026-jordan-algeria,2026-06-23,05:00,https://api.fifa.com/api/v3/picture/flags-sq-2/JOR,https://api.fifa.com/api/v3/picture/flags-sq-2/ALG,2026-06-23 05:00:00,2,Stage 2
36,23762,World Cup Grp. J,247,FIFA World Cup,2026,10498,1953895,1,1489,Jordan,346,Argentina,,,,,,,,,,https://www.whoscored.com/matches/1953895/show/international-fifa-world-cup-2026-jordan-argentina,2026-06-28,04:00,https://api.fifa.com/api/v3/picture/flags-sq-2/JOR,https://api.fifa.com/api/v3/picture/flags-sq-2/ARG,2026-06-28 04:00:00,3,Stage 3
36,23762,World Cup Grp. J,247,FIFA World Cup,2026,10498,1953896,1,966,Algeria,324,Austria,,,,,,,,,,https://www.whoscored.com/matches/1953896/show/international-fifa-world-cup-2026-algeria-austria,2026-06-28,04:00,https://api.fifa.com/api/v3/picture/flags-sq-2/ALG,https://api.fifa.com/api/v3/picture/flags-sq-2/AUT,2026-06-28 04:00:00,3,Stage 3
36,23763,World Cup Grp. K,247,FIFA World Cup,2026,10498,1976991,6,340,Portugal,960,Congo DR,1.0,1.0,FT,,,,,,,https://www.whoscored.com/matches/1976991/live/international-fifa-world-cup-2026-portugal-dr-congo,2026-06-17,19:00,https://api.fifa.com/api/v3/picture/flags-sq-2/POR,https://api.fifa.com/api/v3/picture/flags-sq-2/COD,2026-06-17 19:00:00,1,Stage 1
36,23763,World Cup Grp. K,247,FIFA World Cup,2026,10498,1953897,6,1563,Uzbekistan,408,Colombia,1.0,3.0,FT,1.0,,,,,,https://www.whoscored.com/matches/1953897/live/international-fifa-world-cup-2026-uzbekistan-colombia,2026-06-18,04:00,https://api.fifa.com/api/v3/picture/flags-sq-2/UZB,https://api.fifa.com/api/v3/picture/flags-sq-2/COL,2026-06-18 04:00:00,1,Stage 1
36,23763,World Cup Grp. K,247,FIFA World Cup,2026,10498,1953898,1,340,Portugal,1563,Uzbekistan,,,,,,,,,,https://www.whoscored.com/matches/1953898/show/international-fifa-world-cup-2026-portugal-uzbekistan,2026-06-23,19:00,https://api.fifa.com/api/v3/picture/flags-sq-2/POR,https://api.fifa.com/api/v3/picture/flags-sq-2/UZB,2026-06-23 19:00:00,2,Stage 2
36,23763,World Cup Grp. K,247,FIFA World Cup,2026,10498,1976992,1,408,Colombia,960,Congo DR,,,,,,,,,,https://www.whoscored.com/matches/1976992/show/international-fifa-world-cup-2026-colombia-dr-congo,2026-06-24,04:00,https://api.fifa.com/api/v3/picture/flags-sq-2/COL,https://api.fifa.com/api/v3/picture/flags-sq-2/COD,2026-06-24 04:00:00,2,Stage 2
36,23763,World Cup Grp. K,247,FIFA World Cup,2026,10498,1976993,1,960,Congo DR,1563,Uzbekistan,,,,,,,,,,https://www.whoscored.com/matches/1976993/show/international-fifa-world-cup-2026-dr-congo-uzbekistan,2026-06-28,01:30,https://api.fifa.com/api/v3/picture/flags-sq-2/COD,https://api.fifa.com/api/v3/picture/flags-sq-2/UZB,2026-06-28 01:30:00,3,Stage 3
36,23763,World Cup Grp. K,247,FIFA World Cup,2026,10498,1953899,1,408,Colombia,340,Portugal,,,,,,,,,,https://www.whoscored.com/matches/1953899/show/international-fifa-world-cup-2026-colombia-portugal,2026-06-28,01:30,https://api.fifa.com/api/v3/picture/flags-sq-2/COL,https://api.fifa.com/api/v3/picture/flags-sq-2/POR,2026-06-28 01:30:00,3,Stage 3
36,23764,World Cup Grp. L,247,FIFA World Cup,2026,10498,1953900,6,345,England,337,Croatia,4.0,2.0,FT,0.0,,,,,,https://www.whoscored.com/matches/1953900/live/international-fifa-world-cup-2026-england-croatia,2026-06-17,22:00,https://api.fifa.com/api/v3/picture/flags-sq-2/ENG,https://api.fifa.com/api/v3/picture/flags-sq-2/CRO,2026-06-17 22:00:00,1,Stage 1
36,23764,World Cup Grp. L,247,FIFA World Cup,2026,10498,1953901,6,965,Ghana,2694,Panama,1.0,0.0,FT,0.0,,,,,,https://www.whoscored.com/matches/1953901/live/international-fifa-world-cup-2026-ghana-panama,2026-06-18,01:00,https://api.fifa.com/api/v3/picture/flags-sq-2/GHA,https://api.fifa.com/api/v3/picture/flags-sq-2/PAN,2026-06-18 01:00:00,1,Stage 1
36,23764,World Cup Grp. L,247,FIFA World Cup,2026,10498,1953903,1,345,England,965,Ghana,,,,,,,,,,https://www.whoscored.com/matches/1953903/show/international-fifa-world-cup-2026-england-ghana,2026-06-23,22:00,https://api.fifa.com/api/v3/picture/flags-sq-2/ENG,https://api.fifa.com/api/v3/picture/flags-sq-2/GHA,2026-06-23 22:00:00,2,Stage 2
36,23764,World Cup Grp. L,247,FIFA World Cup,2026,10498,1953902,1,2694,Panama,337,Croatia,,,,,,,,,,https://www.whoscored.com/matches/1953902/show/international-fifa-world-cup-2026-panama-croatia,2026-06-24,01:00,https://api.fifa.com/api/v3/picture/flags-sq-2/PAN,https://api.fifa.com/api/v3/picture/flags-sq-2/CRO,2026-06-24 01:00:00,2,Stage 2
36,23764,World Cup Grp. L,247,FIFA World Cup,2026,10498,1953904,1,2694,Panama,345,England,,,,,,,,,,https://www.whoscored.com/matches/1953904/show/international-fifa-world-cup-2026-panama-england,2026-06-27,23:00,https://api.fifa.com/api/v3/picture/flags-sq-2/PAN,https://api.fifa.com/api/v3/picture/flags-sq-2/ENG,2026-06-27 23:00:00,3,Stage 3
36,23764,World Cup Grp. L,247,FIFA World Cup,2026,10498,1953905,1,337,Croatia,965,Ghana,,,,,,,,,,https://www.whoscored.com/matches/1953905/show/international-fifa-world-cup-2026-croatia-ghana,2026-06-27,23:00,https://api.fifa.com/api/v3/picture/flags-sq-2/CRO,https://api.fifa.com/api/v3/picture/flags-sq-2/GHA,2026-06-27 23:00:00,3,Stage 3
